Va,Va_step,Iteration,Applied_Voltage,Error_V_L2,Error_V_Linf,Error_n_L2,Error_n_Linf,Error_p_L2,Error_p_Linf,Residual_Poisson_L2,Residual_Poisson_Linf,Residual_n_L2,Residual_n_Linf,Residual_p_L2,Residual_p_Linf,Total_Error
0,0,1,0,0.12288751432342973,0.20148942254140323,0.00017837527704632185,0.001031948140234459,8.871492524631287e-08,4.0101581671345653e-07,9.057696181703532e-08,9.343643700517165e-07,0.00010278426460882996,0.017802163416990556,2.042360913983276e-06,0.00035373549526841687,0.18248777530149815
0.2,1,1,0.2,0.03427647234941115,0.055499329566995215,1.4009896147874944e-05,5.666457088720003e-05,1.0095435546584024e-06,4.599909662557345e-06,1.0337902394714061e-07,9.351795433759784e-07,0.0001028227586753352,0.017808830562638905,2.0426280170803195e-06,0.00035378175733975266,0.2376972812969799
0.2,1,3,0.2,0.00908566799101691,0.0147564162945244,5.67788383359679e-06,3.046369233964015e-05,1.988688328660746e-07,9.012526202110017e-07,1.022390083241994e-07,9.351188049516855e-07,0.00010282155496942336,0.017808622081608987,2.042628280076493e-06,0.0003537818028905191,0.0388967629307901
0.2,1,5,0.2,0.0012181884801326015,0.002005970922187572,2.0320226104561127e-06,1.042384006220455e-05,3.77997705494249e-08,1.703174024200683e-07,1.0205829125210274e-07,9.351094669699319e-07,0.00010282127110111692,0.017808572915815005,2.042628263573911e-06,0.0003537818000322837,0.0073571014040597375
0.2,1,7,0.2,2.4269336320973767e-05,5.20336493501361e-05,3.372397376938192e-07,1.6797537903618168e-06,6.753583270291437e-09,3.024689733741167e-08,1.020568710242948e-07,9.351095569347143e-07,0.00010282124150527617,0.017808567789835892,2.042628239816813e-06,0.00035378179591757084,0.001387892770727814
0.2,1,9,0.2,3.789161686238392e-05,6.410920454413827e-05,1.5935472088755274e-08,7.345961201398604e-08,1.124747475016781e-09,4.99899375320796e-09,1.0206419377121399e-07,9.35109986661293e-07,0.00010282124468715736,0.01780856834093551,2.0426282316110934e-06,0.0003537817944963459,0.0002579203697741207
0.2,1,11,0.2,9.555608564199131e-06,1.5740757010718198e-05,8.798018212571871e-09,5.024961161406716e-08,1.7672141095828076e-10,7.759380154191958e-10,1.0206639817194158e-07,9.351101170976687e-07,0.00010282124679473131,0.01780856870596586,2.0426282296998232e-06,0.0003537817941653152,4.828458740661307e-05
0.2,1,13,0.2,1.0416799633209513e-06,1.756191291946152e-06,2.961235106316056e-09,1.629128711100325e-08,2.7121943798737894e-11,1.1661977560397697e-10,1.0206675036042728e-07,9.351101277883284e-07,0.00010282124728049462,0.017808568790099726,2.042628229354019e-06,0.0003537817941054222,9.133645888448525e-06
0.2,1,15,0.2,1.0171733904448164e-07,1.841758976439678e-07,4.963943178801021e-10,2.7539510099455766e-09,4.2542505767141e-12,1.7715052704923503e-11,1.0206676795600524e-07,9.351101295868849e-07,0.00010282124734128794,0.017808568800629088,2.042628229301493e-06,0.0003537817940963247,1.7481821907864619e-06
0.2,1,17,0.2,6.378157584151779e-08,1.0673656269943876e-07,3.1646370662216196e-11,1.9157724365226336e-10,6.908444474029867e-13,2.7652272832634495e-12,1.0206676009456154e-07,9.351101332694431e-07,0.00010282124734127512,0.017808568800626867,2.0426282292934283e-06,0.0003537817940949279,3.378462839808057e-07
0.2,1,19,0.2,1.3484506840183873e-08,2.2435910906892786e-08,8.993050924423457e-12,4.019444499459013e-11,1.0929590754315344e-13,4.2114850831980605e-13,1.0206675729614236e-07,9.35110136797997e-07,0.00010282124733928355,0.017808568800281928,2.0426282292919354e-06,0.0003537817940946693,6.540851132949889e-08
0.2,1,21,0.2,1.2429557946831998e-09,2.1207888778462802e-09,3.225373683671439e-12,1.6057270096903054e-11,1.4757100064344408e-14,5.65144448166216e-14,1.0206675679877572e-07,9.351101332349997e-07,0.0001028212473387795,0.017808568800194626,2.0426282292915686e-06,0.0003537817940946058,1.2569008582102857e-08
0.2,1,23,0.2,2.0073763542673582e-10,2.821245459472266e-10,5.050575198491936e-13,2.647370170305585e-12,1.5829903116918424e-15,6.041614962221803e-15,1.0206675675579634e-07,9.351101332331981e-07,0.0001028212473387254,0.01780856880018526,2.04262822929129e-06,0.00035378179409455753,2.392081435370253e-09
0.4,2,1,0.4,0.05905748402589255,0.09443476118338268,6.722655063175941e-06,3.430556849568292e-05,1.4674389254659803e-06,5.944523062620529e-06,1.1239349077357197e-07,9.355266034503797e-07,0.00010285288914081087,0.017814049138383668,2.0428977227730865e-06,0.00035382847017887824,0.19070146159640317
0.4,2,3,0.4,0.01228622089181394,0.019779946816457894,1.2088873375663047e-05,5.619809765965676e-05,2.919393140164245e-07,1.1722884430739996e-06,1.1103242374373012e-07,9.354728555160558e-07,0.00010285130865431032,0.017813775399216785,2.0428980186872285e-06,0.0003538285214310123,0.03563205593859283
0.4,2,5,0.4,0.0006005402045385763,0.0010546050005348917,2.4576112393855645e-06,1.1015951252396801e-05,5.2819750021265376e-08,2.1049675011153074e-07,1.1094743227688292e-07,9.354702205669646e-07,0.00010285111664877414,0.017813742143990986,2.0428979064235806e-06,0.0003538285019870266,0.00664290010185183
0.4,2,7,0.4,0.0002863576379416814,0.00047583195907563436,8.354310107877331e-08,3.4933442946000204e-07,8.434031508508796e-09,3.3340703235810705e-08,1.1098846108293166e-07,9.354721416181861e-07,0.00010285113926224435,0.01781374606062836,2.0428978495108736e-06,0.00035382849212978515,0.0011057993677017423
0.4,2,9,0.4,7.274700271332653e-05,0.0001174402092978255,7.884206471558256e-08,3.9627615928961024e-07,1.2170040646914753e-09,4.739302092508476e-09,1.1100206974081106e-07,9.354727304422032e-07,0.00010285115257568196,0.017813748366506527,2.0428978358567487e-06,0.0003538284897649002,0.00017256885820243273
0.4,2,11,0.4,3.987632775604521e-06,6.711491106869971e-06,2.042331282496512e-08,1.0087204532945038e-07,1.7367836707210183e-10,6.544817595863228e-10,1.1100373432506043e-07,9.354727984957766e-07,0.0001028511549089339,0.01781374877062415,2.042897833674012e-06,0.0003538284893868517,3.0901546088283765e-05
0.4,2,13,0.4,2.030078826424611e-06,3.387969087498277e-06,1.7868616088211238e-09,9.340955410205853e-09,2.7020011949727327e-11,9.664894711912571e-11,1.1100362119717562e-07,9.354727877766477e-07,0.00010285115498271807,0.017813748783403516,2.0428978333967507e-06,0.00035382848933883024,5.931081865816352e-06
0.4,2,15,0.4,5.566699305580017e-07,9.122152313523202e-07,3.1465730688038586e-10,1.2494883140298785e-09,4.26241686983802e-12,1.4467796250849756e-11,1.1100353638556202e-07,9.354727818280186e-07,0.00010285115492344009,0.01781374877313661,2.042897833349355e-06,0.00035382848933062137,1.2581263430793626e-06
0.4,2,17,0.4,4.2140067958193604e-08,7.051259487411699e-08,1.1783218534661392e-10,5.299217696597136e-10,5.12140370370704e-13,1.7464705828989895e-12,1.1100352113246991e-07,9.354727815417701e-07,0.00010285115490912689,0.017813748770657573,2.042897833335307e-06,0.00035382848932818825,2.3810862872564847e-07
0.4,2,19,0.4,1.3427217602061599e-08,1.9742127932431686e-08,1.2487507546514585e-11,6.186773142402568e-11,6.970287983279565e-14,3.361127565507105e-13,1.1100352046043234e-07,9.354727779520269e-07,0.00010285115490815219,0.017813748770488757,2.042897833331011e-06,0.0003538284893274442,3.7298559862084455e-08
0.4,2,21,0.4,4.544103099708063e-09,6.949118613874816e-09,1.7477387754775828e-12,7.77604803464671e-12,3.482515739894979e-14,1.6889151210376652e-13,1.1100352073693196e-07,9.354727797297541e-07,0.00010285115490839181,0.01781374877053026,2.042897833330441e-06,0.0003538284893273455,6.429441047984263e-09
0.4,2,23,0.4,5.522458832062324e-10,8.199716461376738e-10,7.655993669237948e-13,3.2615854461681693e-12,1.0689435761002733e-14,4.947282275687137e-14,1.1100352079247955e-07,9.354727797309081e-07,0.00010285115490846567,0.01781374877054305,2.0428978333300896e-06,0.0003538284893272846,1.7255441929383253e-09
0.6000000000000001,3,1,0.6000000000000001,0.12370223924357228,0.1939826414658068,5.7421577897549656e-05,0.00023651520818593601,2.5237983277511304e-06,8.674495997850802e-06,1.226012355920433e-07,9.358120285964374e-07,0.00010287821960146704,0.017818436356618998,2.0431709578216183e-06,0.0003538757942999769,0.26230690442416865
0.6000000000000001,3,3,0.6000000000000001,0.011902792382972031,0.0192297704593134,2.0920907189383354e-05,8.186005465737802e-05,4.853591678420511e-07,1.6457616684278887e-06,1.21256977614843e-07,9.357745992587987e-07,0.00010287670062475985,0.01781817327090602,2.0431708357526315e-06,0.00035387577315772103,0.046583791552771
0.6000000000000001,3,5,0.6000000000000001,0.002810726893957449,0.0044388550229470525,3.582483331337183e-07,1.2856098471495173e-06,7.005080765559695e-08,2.3585828844166165e-07,1.2150785759942917e-07,9.357831228628873e-07,0.0001028768811905635,0.017818204544778147,2.043170371162937e-06,0.00035387569269110805,0.006788997840416998
0.6000000000000001,3,7,0.6000000000000001,0.0006585947865266852,0.0010196097559518336,7.977244088331817e-07,3.4017812127300207e-06,7.990463050674978e-09,2.6361821502124275e-08,1.2160030569785589e-07,9.357859772036412e-07,0.0001028769707347829,0.017818220053774907,2.043170259335604e-06,0.00035387567332269157,0.001128785885660241
0.6000000000000001,3,9,0.6000000000000001,4.271612612833931e-05,7.300209514493616e-05,1.0964878857240173e-07,4.7577683855680453e-07,1.0551890928545774e-09,3.211265946461827e-09,1.2160352024822575e-07,9.357860228247387e-07,0.00010287697695588542,0.017818221131265553,2.043170247311209e-06,0.00035387567124007467,0.00018494444454565206
0.6000000000000001,3,11,0.6000000000000001,2.837609183620405e-05,4.540450929990669e-05,1.3676369291021965e-08,4.917064953639805e-08,1.8338403511006964e-10,5.141887354808729e-10,1.216006000387901e-07,9.357859137417383e-07,0.00010287697482071041,0.017818220761454718,2.04317024616026e-06,0.0003538756710407311,4.511592592816975e-05
0.6000000000000001,3,13,0.6000000000000001,1.5059302607838408e-06,2.404725275795272e-06,4.916076316144912e-09,1.9660532930843022e-08,1.819316090227721e-11,5.337616720141325e-11,1.2160009775270885e-07,9.357858889462887e-07,0.00010287697438571568,0.017818220686113932,2.0431702456246103e-06,0.0003538756709479569,8.73175493672446e-06
0.6000000000000001,3,15,0.6000000000000001,9.922023671630843e-07,1.4753991326443838e-06,8.52613817423535e-11,4.906344011623709e-10,7.397312498992091e-12,3.0512921453829805e-11,1.2160012174775433e-07,9.357858904173114e-07,0.00010287697440541669,0.017818220689526133,2.0431702454358244e-06,0.0003538756709152593,1.3169039684453215e-06
0.6000000000000001,3,17,0.6000000000000001,1.81599250687519e-07,2.702669039678085e-07,1.6907468053681776e-10,6.264304162201251e-10,2.988581034001077e-12,1.1410534463910521e-11,1.2160013604077865e-07,9.357858906218741e-07,0.00010287697441883885,0.017818220691850843,2.043170245401769e-06,0.00035387567090936097,3.59387073728022e-07
0.6000000000000001,3,19,0.6000000000000001,1.217560964688303e-08,1.9455949740176948e-08,1.5759064140222027e-11,5.7359025515402173e-11,6.854772383373561e-13,2.608831255407687e-12,1.2160013560927876e-07,9.357858941834024e-07,0.00010287697441847902,0.01781822069178852,2.043170245398273e-06,0.00035387567090875544,6.103444073957482e-08
0.6000000000000001,3,21,0.6000000000000001,7.101113699278205e-09,1.1210518735538244e-08,5.475015523887706e-12,2.4630285658244766e-11,1.2960930237878024e-13,5.014923480824163e-13,1.2160013492325444e-07,9.357858977245261e-07,0.00010287697441776124,0.0178182206916642,2.0431702453983445e-06,0.0003538756709087678,9.464254366389838e-09
0.6000000000000001,3,23,0.6000000000000001,3.239395843841648e-10,5.239888523078662e-10,1.2928579991909197e-12,5.468295954935698e-12,2.697345010592485e-14,1.0375185953426236e-13,1.216001348656707e-07,9.357858959457832e-07,0.0001028769744176778,0.01781822069164975,2.043170245398399e-06,0.0003538756709087773,1.8353272301720573e-09
0.8,4,1,0.8,0.3378911202950114,0.511682974720963,0.0002647998493547868,0.0008419617693547878,7.052666053863152e-06,1.8196150781817425e-05,1.3017938907553578e-07,9.359487989701278e-07,0.00010289358932965561,0.01782109838289079,2.043457957877264e-06,0.0003539255025107688,0.39287784679034216
0.8,4,3,0.8,0.053211206086385396,0.07831529378761015,1.2257869404318853e-05,5.097710612312657e-05,5.957478125879757e-07,1.5901800539902349e-06,1.3288794077368986e-07,9.360145027457271e-07,0.00010289611631184159,0.017821536054456584,2.043451633335382e-06,0.00035392440710450514,0.030826603717085146
0.8,4,5,0.8,0.007301876908920324,0.010577274481889276,1.0130830544063284e-05,3.4844279588867703e-05,1.4291542583111465e-08,3.678020422156602e-08,1.3361931592212565e-07,9.360293804436637e-07,0.0001028967869430712,0.017821652207320928,2.0434505039088864e-06,0.0003539242114886187,0.01140669497554334
0.8,4,7,0.8,0.0025859834475392305,0.003915449534191318,1.209197600828014e-06,3.9246644010365594e-06,1.420342747690424e-08,2.8946222300132583e-08,1.3344497776451964e-07,9.360248975340526e-07,0.00010289665199952429,0.017821628835192106,2.043450585288865e-06,0.0003539242255835746,0.001795622723853853
0.8,4,9,0.8,5.297200283448517e-05,8.137972659416626e-05,2.3151054561407046e-07,8.149745734722935e-07,1.210194985456393e-09,2.403341656980265e-09,1.3342808017335638e-07,9.360243596205604e-07,0.00010289663986668003,0.017821626733791885,2.0434505586587833e-06,0.00035392422097126297,0.0002887848563336983
0.8,4,11,0.8,9.789868888276751e-05,0.0001461448175570368,6.184993289121067e-08,1.8984254550671875e-07,1.3548617928269581e-09,3.796096241764479e-09,1.334336979541452e-07,9.360244551515216e-07,0.00010289664461177097,0.01782162755563835,2.0434505470659698e-06,0.00035392421896339563,9.262525289611623e-05
0.8,4,13,0.8,1.0521657381048202e-05,1.5489529559431503e-05,1.1561554802188288e-09,4.0960762229952374e-09,2.016724915664041e-10,6.048831229464851e-10,1.3343335315413116e-07,9.360244461011965e-07,0.00010289664424690417,0.017821627492443672,2.043450547357639e-06,0.00035392421901391256,8.39405799383088e-06
0.8,4,15,0.8,2.5715388877406426e-06,3.748665833303022e-06,2.5711844223388723e-09,8.705933684030609e-09,2.1531833716272172e-11,6.802300189052632e-11,1.3343316144877394e-07,9.360244412044046e-07,0.00010289664407036539,0.017821627461867277,2.043450547505743e-06,0.00035392421903956403,3.5461302420230326e-06
0.8,4,17,0.8,5.761250082914073e-07,8.885058413454772e-07,2.317507200976634e-10,7.871371774867408e-10,9.130424262289572e-12,2.6943838653259444e-11,1.3343320040415734e-07,9.360244414976101e-07,0.00010289664410111813,0.01782162746719363,2.0434505474582574e-06,0.00035392421903133954,3.1158799775088437e-07
0.8,4,19,0.8,2.049476800174065e-08,3.5675001619495106e-08,7.535653276039042e-11,2.63783803827744e-10,1.8197888930702048e-12,5.278134510402002e-12,1.334332062127265e-07,9.360244415978975e-07,0.00010289664410581102,0.017821627468006435,2.0434505474586136e-06,0.00035392421903140123,8.73879474817117e-08
0.8,4,21,0.8,2.473917870519897e-08,3.6046624352081835e-08,1.3748871939347588e-11,4.293082035700113e-11,1.0895190603079874e-13,2.9300243871779874e-13,1.334332047567502e-07,9.360244415853225e-07,0.00010289664410462121,0.017821627467800364,2.043450547461102e-06,0.00035392421903183226,2.3384129061578767e-08
0.8,4,23,0.8,1.7270534278470171e-09,2.8248683392462226e-09,9.527609367107465e-13,3.075217164250077e-12,2.1214245587579945e-14,6.360973488390986e-14,1.33433204746683e-07,9.360244424728633e-07,0.00010289664410464706,0.01782162746780484,2.0434505474611123e-06,0.00035392421903183405,2.095012135713827e-09
1.0,5,1,1.0,1.560349706927341,2.2182005340561357,0.0012684261901728777,0.0028185421699702014,0.0003367848659210267,0.0005263134614262484,1.193419261098572e-07,9.356205901631575e-07,0.00010287968144165609,0.017818689546313077,2.043874942833479e-06,0.00035399772399212183,1.5625733385367404
1.0,5,3,1.0,1.6389356220914568,2.2766129683572576,0.0011796538817498083,0.002482079887341215,0.0002744726665794803,0.00042726281208203565,1.8520772005639555e-07,9.36559006056373e-07,0.00010292737865389838,0.017826950670422236,2.0436711651401525e-06,0.00035396242985388717,2.053250943476629
1.0,5,5,1.0,1.5937351479130195,2.2226823785423653,0.0011524287952206283,0.0023917492092636354,0.00027022103928456373,0.00042320825240044885,1.2167019506013224e-07,9.357027745979359e-07,0.00010288308248493324,0.017819278604656784,2.0438698002953762e-06,0.000353996833308139,1.2137528077166893
1.0,5,7,1.0,1.5540975852704493,2.1653674836936005,0.0011140690558787494,0.0023599101596449698,0.00026788920463331506,0.0004198217857455129,1.8324206192237886e-07,9.365492433670813e-07,0.00010292703809316751,0.017826891685542728,2.0436769938606103e-06,0.000353963439384002,1.9598699065304674
1.0,5,9,1.0,1.4848389254091496,2.067185639470342,0.0010936878504117515,0.0022884577736064357,0.00023718486116982584,0.0003677237703553324,1.2226446879849523e-07,9.357306173742873e-07,0.00010288479709328962,0.017819575573636847,2.043861175365497e-06,0.0003539953394773723,1.1432770872412825
1.0,5,11,1.0,1.4350106097366562,1.998040939928767,0.0010287471567988773,0.0021980516028127514,0.00023913411302533535,0.0003725286483371315,1.7959591616057683e-07,9.365230875870371e-07,0.00010292583193948293,0.017826682780562444,2.043683998429041e-06,0.000353964652570167,1.8200978693583476
1.0,5,13,1.0,1.3450982979169355,1.8711500650268742,0.0009992508536220343,0.0020971496424686395,0.00020310272556170334,0.00031217429328390066,1.2354033051593262e-07,9.357749606124408e-07,0.00010288730286032737,0.017820009570753095,2.043850616873442e-06,0.00035399351075536095,1.0727182117392082
1.0,5,15,1.0,1.283474235893877,1.7857936306906983,0.0009233435300447731,0.001987935214622724,0.0002048013081088361,0.0003167617646718979,1.7534371611082072e-07,9.364905820047241e-07,0.00010292434248591237,0.017826424808238685,2.043692661424678e-06,0.00035396615299471764,1.6463236146279623
1.0,5,17,1.0,1.1800690847300455,1.640031222673764,0.0008856752368181052,0.0018665387417446163,0.00016824106651807503,0.0002563759800722949,1.253311603050567e-07,9.358263514752085e-07,0.0001028902089018143,0.01782051289512672,2.0438384768229874e-06,0.00035399140810868514,0.9859049384753564
1.0,5,19,1.0,1.1122812576058656,1.5465731438739743,0.0008059732690765779,0.0017448458037747656,0.000169108418413897,0.000259569723867552,1.7084171494588776e-07,9.364530468620476e-07,0.00010292262401484835,0.017826127170243733,2.04370210227245e-06,0.00035396778814267006,1.4463437648448279
1.0,5,21,1.0,1.00695187706994,1.3982929517338791,0.0007629428020820292,0.0016145755356576572,0.00013665691236188637,0.00020678215414819098,1.2752225945236767e-07,9.358797726316588e-07,0.00010289321420949864,0.017821033412336908,2.043826159186865e-06,0.0003539892747042454,0.8879843119259423
1.0,5,23,1.0,0.9393774885886643,1.3054446662254242,0.0006872950321721742,0.0014921586554034081,0.00013631771765449389,0.00020778958100880796,1.665298767689208e-07,9.364140755192115e-07,0.00010292083059401717,0.017825816551000677,2.0437113803593683e-06,0.00035396939510053057,1.236623629301922
1.0,5,25,1.0,0.8422700677787784,1.1689307485333822,0.0006429909306684199,0.0013657756774735933,0.00011019644395283799,0.00016591404322188665,1.2987393195475e-07,9.359300678574869e-07,0.0001028960237758306,0.017821520027280265,2.0438148316268954e-06,0.00035398731278010693,0.7847618317807648
1.0,5,27,1.0,0.7796072272435982,1.0829657460414233,0.0005761595653291906,0.0012518251413512907,0.00010871744052307144,0.0001647950386356441,1.6269111124341264e-07,9.363769007033362e-07,0.00010291910147293233,0.017825517068428595,2.0437198325340187e-06,0.00035397085901095585,1.0337374792395861
1.0,5,29,1.0,0.6959108089303092,0.9654773568409011,0.0005340393629529643,0.0011377987676737525,8.883469098736109e-05,0.0001333220723607578,1.3216580952419948e-07,9.359743096202861e-07,0.0001028984732808308,0.017821944279850163,2.04380507252716e-06,0.0003539856225119369,0.6819465339059829
1.0,5,31,1.0,0.6404316134800359,0.889364207385851,0.0004775455497546511,0.0010371480354779685,8.656347708916043e-05,0.0001306729941916962,1.5943000101610752e-07,9.363434893667887e-07,0.00010291752590582496,0.017825244181298504,2.043727179451358e-06,0.0003539721314915949,0.8499830430335343
1.0,5,33,1.0,0.5710123381055305,0.7920622949981184,0.0004396061879971002,0.0009388440872651763,7.176863512431587e-05,0.0001074966425304659,1.3426190253157416e-07,9.360116846946139e-07,0.00010290052254016686,0.017822299210148083,2.043796964161054e-06,0.00035398421814944475,0.5842401255470148
1.0,5,35,1.0,0.5232433390859776,0.7264621727381104,0.00039299675697135865,0.0008527729943163045,6.909587163788616e-05,0.00010400052036194085,1.5673302178689086e-07,9.363145646584169e-07,0.00010291614254701308,0.017825004584511608,2.0437334002351305e-06,0.00035397320892670584,0.6915416033454851
1.0,5,37,1.0,0.4667577561153015,0.647403503248356,0.000359976174844958,0.0007702162584718505,5.811953320155487e-05,8.69495082218664e-05,1.3610438271453637e-07,9.360425785811515e-07,0.00010290220027053091,0.017822589791885255,2.0437903452421767e-06,0.00035398307175797927,0.49481465248955603
1.0,5,39,1.0,0.4263155645373752,0.5917895630815784,0.00032199396177176983,0.0006980132819783373,5.5350874652452255e-05,8.314330601881357e-05,1.5453382172143227e-07,9.362900763053885e-07,0.00010291495634020455,0.017824799134314805,2.043738592794778e-06,0.00035397410827414286,0.5593263951819043
1.0,5,41,1.0,0.38073753622127193,0.5280833706441547,0.0002938672801509997,0.0006296864310879379,4.7155275223013154e-05,7.049761490424638e-05,1.3768447184004823e-07,9.360678347231421e-07,0.00010290355978017154,0.017822825258013444,2.043784983307404e-06,0.00035398214307513196,0.41529725043063687
1.0,5,43,1.0,0.34686322652582546,0.48143623052818024,0.00026309591695005693,0.0005698028954653498,4.448894491392975e-05,6.673352402815686e-05,1.5275274079396287e-07,9.362696231407289e-07,0.00010291395456832785,0.017824625628120212,2.0437428923138996e-06,0.00035397485294761435,0.451140922369245
1.0,5,45,1.0,0.31019458389561594,0.4302450095396021,0.0002394658978110512,0.0005137098368052061,3.830903533360013e-05,5.725015935986792e-05,1.390184026641656e-07,9.360883714649375e-07,0.00010290465668027881,0.017823015240352298,2.0437806516503502e-06,0.00035398139283555094,0.34610788376796875
1.0,5,47,1.0,0.2820258304889944,0.3914053156119224,0.0002145977308633075,0.000464385180355179,3.585627153211626e-05,5.37316950067775e-05,1.5131451492481512e-07,9.362526780742718e-07,0.00010291311708305279,0.017824480576251068,2.043746435014155e-06,0.00035397546654061715,0.363559828229265
1.0,5,49,1.0,0.2525363273181939,0.3502799730348184,0.0001949253338632973,0.00041854431150725995,3.11472811193469e-05,4.653801200353157e-05,1.4013290163437266e-07,9.361050270560953e-07,0.00010290554050553092,0.017823168318273776,2.0437771542436123e-06,0.0003539807870874544,0.28687347873201824
1.0,5,51,1.0,0.2292323046090995,0.31811242796447525,0.0001748428404369873,0.0003780913520054271,2.8959324423009614e-05,4.336635376980748e-05,1.5015421260520524e-07,9.362387156182468e-07,0.00010291242181985873,0.017824360157147723,2.0437493447280687e-06,0.00035397597050085673,0.2930254581887186
1.0,5,53,1.0,0.20549905304968008,0.2850445018708979,0.00015856662894670013,0.00034072529315548085,2.5335614426579308e-05,3.7851233379838906e-05,1.4105748472636117e-07,9.361185272699932e-07,0.00010290625269338246,0.017823291668716344,2.0437743293332606e-06,0.00035398029781519546,0.23677353182901859
1.0,5,55,1.0,0.1862929358596563,0.25850889826954904,0.0001423471582231842,0.00030764021495865903,2.3425716471282053e-05,3.5062471464911366e-05,1.4921804420268456e-07,9.362272510052794e-07,0.00010291184749889672,0.017824260685155125,2.043751729103567e-06,0.0003539763834728765,0.23633260770530215
1.0,5,57,1.0,0.16717048556246483,0.231885573538118,0.00012893952449714803,0.000277226929663644,2.0612523473373472e-05,3.079422262920709e-05,1.418206877126141e-07,9.361294640884465e-07,0.0001029068269735205,0.017823391133638445,2.043772045961675e-06,0.0003539799023370215,0.1947843478052398
1.0,5,59,1.0,0.1513874930882792,0.21006272016225314,0.0001158334626557818,0.00025021740072434743,1.8971522290927804e-05,2.838549962443573e-05,1.4846228858537648e-07,9.36217863203741e-07,0.00010291137481435146,0.017824178816519456,2.0437536796814994e-06,0.00035397672131148465,0.19077557354846886
1.0,5,61,1.0,0.13596116508710399,0.1885990030258754,0.00010482360232708737,0.00022548382903031603,1.6770817596626642e-05,2.5055197337318832e-05,1.4244840265152375e-07,9.36138324416652e-07,0.00010290729047943832,0.01782347141254233,2.0437701988398593e-06,0.0003539795824169634,0.15983474790051527
1.0,5,63,1.0,0.12302026746054999,0.17069461811131148,9.422637340001339e-05,0.00020346156606643705,1.5377484545265604e-05,2.300202353743301e-05,1.4785171736511215e-07,9.362101855565538e-07,0.00010291098684386448,0.017824111620299957,2.0437552732947074e-06,0.0003539769973240727,0.1541424717972137
1.0,5,65,1.0,0.11056117217194925,0.15336855990630227,8.520645758428123e-05,0.00018335635825237825,1.3644656958402016e-05,2.038543599616082e-05,1.4296330374052077e-07,9.361455054684082e-07,0.00010290766493984638,0.017823536268825598,2.04376870350118e-06,0.00035397932342546803,0.13089666182360357
1.0,5,67,1.0,0.09996921854570026,0.1387065457780674,7.663190983077283e-05,0.00016541588191520788,1.2472292930468475e-05,1.865275213477964e-05,1.4735804669970512e-07,9.362039182858142e-07,0.00010291066906792605,0.01782405658172762,2.043756573955335e-06,0.00035397722259749643,0.12465343108047366
1.0,5,69,1.0,0.08989614320446743,0.12470466470006858,6.925513080709782e-05,0.0001490769768975773,1.1100336083813386e-05,1.658482503456526e-05,1.4338481872893333e-07,9.361513287658979e-07,0.0001029079677377798,0.0178235887132179,2.0437674921332646e-06,0.0003539791136174864,0.10703197764270043
1.0,5,71,1.0,0.08123878862433971,0.11271564054913841,6.231263110635069e-05,0.0001344705489692774,1.0120809016603687e-05,1.5133829752935244e-05,1.4695858964336515e-07,9.361988061412031e-07,0.00010291040920372303,0.017824011573427723,2.0437576346464624e-06,0.0003539774063083855,0.1008864436005901
1.0,5,73,1.0,0.07308744874383842,0.10138908009260073,5.628764423498559e-05,0.00012119400139202,9.02954406091392e-06,1.3491455649128939e-05,1.4372935757714117e-07,9.361560499604936e-07,0.00010290821278865654,0.01782363115585998,2.0437665102457493e-06,0.00035397894355533095,0.08741187861368518
1.0,5,75,1.0,0.06601912978174533,0.09159729510103598,5.06631892826412e-05,0.0001093071260367881,8.21563154410458e-06,1.2283634455354821e-05,1.4663514122948632e-07,9.361946402665084e-07,0.00010291019696238706,0.017823974813375394,2.0437584990841135e-06,0.0003539775560283225,0.08170825130513272
1.0,5,77,1.0,0.05941784241244786,0.08242727116920612,4.574728562166659e-05,9.85194592652925e-05,7.3442857023962845e-06,1.0973876745021477e-05,1.440106461896548e-07,9.361598816430514e-07,0.00010290841124766503,0.017823665528822762,2.0437657139782445e-06,0.0003539788056424165,0.07131992498330564
1.0,5,79,1.0,0.05365195817376175,0.07443756041035199,4.11882362606383e-05,8.884879169418318e-05,6.670922754772248e-06,9.973219967228576e-06,1.4637307768084235e-07,9.361912457403319e-07,0.00010291002378597634,0.017823944819341048,2.043759203215949e-06,0.00035397767798341485,0.06621571644318963
1.0,5,81,1.0,0.048302526064654655,0.06700830174114936,3.7180423055278695e-05,8.008347009762218e-05,5.972952504422811e-06,8.9251520022562e-06,1.4424008605485393e-07,9.361629901321069e-07,0.0001029085720721438,0.017823693383511065,2.0437650679841136e-06,0.00035397869375673356,0.05814622238940065
1.0,5,83,1.0,0.04360238484493883,0.060493923714198705,3.348327924746585e-05,7.221759795905062e-05,5.417791473403682e-06,8.09922884476862e-06,1.4616063648043093e-07,9.361884819603338e-07,0.00010290988259311467,0.01782392036483524,2.043759776535448e-06,0.0003539777772819108,0.05368816930253808
1.0,5,85,1.0,0.03926508524164242,0.054471486571116445,3.0217828635528286e-05,6.509536844507505e-05,4.8572228872225515e-06,7.2581982390091965e-06,1.4442710026245042e-07,9.361655147071104e-07,0.00010290870246658571,0.017823715967738067,2.0437645437180515e-06,0.0003539786029542576,0.04737726708525454
1.0,5,87,1.0,0.03543585508546148,0.049163226784214475,2.7218477962858703e-05,5.8698546159625595e-05,4.400776324223049e-06,6.578529695587174e-06,1.4598834361611596e-07,9.361862343768061e-07,0.00010290976754722214,0.017823900438966363,2.0437602431796533e-06,0.0003539778581043278,0.043549468859972566
1.0,5,89,1.0,0.031917628172491795,0.04427886967709749,2.4559177883290163e-05,5.291123996772288e-05,3.94958100453694e-06,5.902067564552462e-06,1.4457944772960654e-07,9.361675635289312e-07,0.00010290880823480817,0.017823734286720915,2.0437641181282995e-06,0.0003539785292424419,0.038584196139634486
1.0,5,91,1.0,0.028799344601836047,0.0399555222457576,2.2125121884144185e-05,4.770975675598248e-05,3.575125541300147e-06,5.34408981631287e-06,1.4584855832837435e-07,9.361844025784606e-07,0.00010290967385183979,0.01782388421099106,2.0437606229025076e-06,0.0003539779238720336,0.035338070401516236
1.0,5,93,1.0,0.02594446936447952,0.03599261216001859,1.996028995957e-05,4.300701892014178e-05,3.2113140816097005e-06,4.798953071891214e-06,1.4470349915007437e-07,9.361692287805404e-07,0.00010290889405877616,0.017823749151372716,2.043763772563123e-06,0.00035397846939082056,0.03141099499114555
1.0,5,95,1.0,0.023406060422817794,0.03247281261793411,1.7984444276732014e-05,3.877790835736441e-05,2.9046671639307587e-06,4.341755557467982e-06,1.45735111021432e-07,9.36182914965886e-07,0.00010290959757435653,0.017823870999783813,2.0437609318196514e-06,0.0003539779773762448,0.028683483594568758
1.0,5,97,1.0,0.021088767105113516,0.029256471548807395,1.622267980546372e-05,3.495636376446912e-05,2.6108854142917568e-06,3.901759231818178e-06,1.4480447412194935e-07,9.361705791063233e-07,0.00010290896372021813,0.0178237612166862,2.04376349192555e-06,0.00035397842078461,0.025563471157814648
1.0,5,99,1.0,0.019023006323512292,0.026391776264699573,1.461842041478997e-05,3.151809841516438e-05,2.360127114689399e-06,3.527716976908855e-06,1.4564301472873064e-07,9.361817033911836e-07,0.00010290953549611941,0.017823860247876154,2.0437611830987896e-06,0.0003539780208975978,0.023287750491724882
1.0,5,101,1.0,0.01714160276157845,0.023780663655937784,1.3185027774225943e-05,2.8412536139173217e-05,2.1226102006237694e-06,3.172125728945717e-06,1.4488664205298426e-07,9.361716784078214e-07,0.00010290902027693782,0.017823771012270867,2.0437632639863026e-06,0.00035397838130570854,0.020799369464000614
1.0,5,103,1.0,0.015460882586684146,0.021449740426048525,1.1882226561450233e-05,2.5617383572543e-05,1.917791076004436e-06,2.866494843144782e-06,1.4556823473145967e-07,9.361807198912547e-07,0.00010290948498661352,0.017823851499664728,2.0437613874539627e-06,0.00035397805629175616,0.018910843495082617
1.0,5,105,1.0,0.013933068382672009,0.019329506849734446,1.0716229822494098e-05,2.3093593545194836e-05,1.7255746429270765e-06,2.5788146953322345e-06,1.4495349061573535e-07,9.361725698703123e-07,0.00010290906620350932,0.017823778966721233,2.0437630788147834e-06,0.00035397834923414455,0.016919741065555924
1.0,5,107,1.0,0.012565882557368983,0.017433290714259586,9.658074571902904e-06,2.0821360320527615e-05,1.558434631870438e-06,2.3293336541084628e-06,1.4550750415422372e-07,9.361799177596576e-07,0.00010290944389815051,0.017823844383171403,2.0437615536408753e-06,0.0003539780850752012,0.015359117557881934
1.0,5,109,1.0,0.011324999816294841,0.01571134637944427,8.709741161962475e-06,1.8770309496169563e-05,1.4027538225190575e-06,2.0963945385927022e-06,1.450078660052875e-07,9.361732950658249e-07,0.00010290910350418501,0.017823785427172417,2.0437629283786665e-06,0.0003539783231787253,0.01376154654718472
1.0,5,111,1.0,0.010213031878048272,0.014169024266612151,7.850181067918796e-06,1.6923229967363146e-05,1.2664642259873346e-06,1.8929128812367776e-06,1.4545817609630236e-07,9.361792666390927e-07,0.00010290941047895658,0.01782383859499017,2.0437616887612545e-06,0.00035397810847794664,0.012476150784338875
1.0,5,113,1.0,0.009205057588535352,0.012770346588184212,7.078976216480108e-06,1.5256334299581023e-05,1.140292046227334e-06,1.7041661099415257e-06,1.4505208906100612e-07,9.361738820577083e-07,0.00010290913380324828,0.017823790674949182,2.043762806151686e-06,0.0003539783020091067,0.011191394842400457
1.0,5,115,1.0,0.008300778635264914,0.011516040457391519,6.380665350689671e-06,1.3754898263147394e-05,1.029226496000822e-06,1.53831159509563e-06,1.4541810476818563e-07,9.361787363129861e-07,0.00010290938330113073,0.017823833887809563,2.0437617986284014e-06,0.0003539781275068518,0.010135454204218722
1.0,5,117,1.0,0.007481906998518393,0.010379806906029021,5.7535693735158905e-06,1.2400183373453659e-05,9.269150543449688e-07,1.3852854728104715e-06,1.4508805103992067e-07,9.361743612010493e-07,0.00010290915841767755,0.01782379493815128,2.043762706837073e-06,0.00035397828480789246,0.009100295104036784
1.0,5,119,1.0,0.006746600686016346,0.009359844222547209,5.186209393834048e-06,1.1179736439775531e-05,8.364499287479056e-07,1.2501721205952592e-06,1.4538554983047566e-07,9.361783064487859e-07,0.00010290936120135634,0.017823830060143948,2.0437618879437973e-06,0.0003539781429762094,0.008234651836520576
1.0,5,121,1.0,0.006081295213008017,0.008436721305384087,4.676335891770153e-06,1.0078720399871871e-05,7.534508044619828e-07,1.12604858934769e-06,1.4511729234505644e-07,9.361747500762841e-07,0.00010290917841586359,0.017823798401823243,2.0437626261353207e-06,0.0003539782708304113,0.007399284569529047
1.0,5,123,1.0,0.005483436841476413,0.007607393200310342,4.215337760903652e-06,9.086692946413955e-06,6.797947046141302e-07,1.016025998430112e-06,1.453590992312943e-07,9.36177956963441e-07,0.00010290934323238148,0.017823826947929954,2.043761960556904e-06,0.0003539781555527434,0.006690821402658392
1.0,5,125,1.0,0.00494285920776773,0.006857351068581208,3.8008020649325036e-06,8.191854441603683e-06,6.1243858727671e-07,9.153077501534458e-07,1.4514106711293413e-07,9.36175065777548e-07,0.00010290919466473541,0.017823801216116587,2.043762560548272e-06,0.00035397825947078515,0.006015808382504014
1.0,5,127,1.0,0.004456788610493326,0.0061830757953798,3.4262046733656995e-06,7.3855056906269034e-06,5.524878208416182e-07,8.257478987717015e-07,1.4533760690979936e-07,9.361776727348688e-07,0.00010290932862310965,0.017823824417614195,2.043762019591592e-06,0.0003539781657775059,0.005436756164671181
1.0,5,129,1.0,0.004017529419562669,0.005573623635061309,3.089198471733714e-06,6.658228399633939e-06,4.97810702115586e-07,7.439962682438087e-07,1.4516039607756547e-07,9.361753224026114e-07,0.00010290920786805897,0.01782380350292308,2.0437625072572027e-06,0.00035397825024081306,0.0048907332479148835
1.0,5,131,1.0,0.003622366163360945,0.005025444614556895,2.7847943721780945e-06,6.002812065751192e-06,4.4902800011295686e-07,6.711140847139193e-07,1.4532014247138987e-07,9.361774417642421e-07,0.00010290931674605641,0.017823822360516803,2.0437620675731596e-06,0.0003539781740878763,0.004417959016669999
1.0,5,133,1.0,0.0032654185646571903,0.004530204218987421,2.5108295452043824e-06,5.411714891781494e-06,4.0463274870214617e-07,6.047406093749033e-07,1.4517610978631906e-07,9.361755319804996e-07,0.00010290921859717508,0.017823805361198555,2.0437624639448234e-06,0.00035397824273914244,0.003975889161973539
1.0,5,135,1.0,0.0029441747607078126,0.004084561216492699,2.263456174523971e-06,4.8789838848900535e-06,3.649461053356995e-07,5.454440050455282e-07,1.4530595041625454e-07,9.361772538738979e-07,0.00010290930709065954,0.017823820688208755,2.043762106579386e-06,0.0003539781808437246,0.0035902188009065525
1.0,5,137,1.0,0.0026541030709319505,0.003682111977741598,2.0407477868674512e-06,4.39856405780488e-06,3.2889239365251673e-07,4.915449404556405e-07,1.4518888391015354e-07,9.361757021983241e-07,0.00010290922731608237,0.017823806871307257,2.043762428745525e-06,0.0003539782366426511,0.0032320536381687053
1.0,5,139,1.0,0.0023929605992844757,0.003319839691318327,1.8397139261756433e-06,3.965555925030707e-06,2.9661140063847915e-07,4.433105626173528e-07,1.4529441715930676e-07,9.361771021460285e-07,0.00010290929924163627,0.01782381932876336,2.0437621382876574e-06,0.0003539781863355727,0.002917657474085279
1.0,5,141,1.0,0.0021572276905020642,0.002992784354660216,1.6586776273642063e-06,3.575088010487372e-06,2.673273283421881e-07,3.9953405944141273e-07,1.451992680146482e-07,9.36175839826242e-07,0.00010290923440166526,0.017823808098525306,2.043762400135617e-06,0.0003539782316874372,0.0026273013548510247
1.0,5,143,1.0,0.0019449485558983362,0.00269829528191301,1.4952987005314044e-06,3.2231377998809957e-06,2.41073782541318e-07,3.6030413466596836e-07,1.4528504432216524e-07,9.361769768740967e-07,0.00010290929286125131,0.017823818223685107,2.043762164058676e-06,0.00035397819079909323,0.002371151351109909
1.0,5,145,1.0,0.0017533703827372887,0.0024325024852159816,1.3481404830675766e-06,2.905778296287756e-06,2.1728524110348673e-07,3.24744300142846e-07,1.45207709034339e-07,9.361759505298492e-07,0.00010290924016004383,0.017823809095872483,2.0437623768914544e-06,0.0003539782276615662,0.002135653073194745
1.0,5,147,1.0,0.001580815575128063,0.0021931199770267584,1.215360612223351e-06,2.6197132673355314e-06,1.9593613862041856e-07,2.9284176822978974e-07,1.4527742702614356e-07,9.361768759959004e-07,0.00010290928767481591,0.01782381732539809,2.0437621850044086e-06,0.000353978194426878,0.0019270527776531255
1.0,5,149,1.0,0.0014251181055019433,0.001977109112361708,1.0957428726970802e-06,2.361772647137446e-06,1.7660984502092292e-07,2.6395319187481696e-07,1.4521457041759417e-07,9.361760430751223e-07,0.0001029092448399265,0.01782380990642492,2.0437623579964787e-06,0.0003539782243889709,0.00173597281822549
1.0,5,151,1.0,0.0012848565459265733,0.0017825252357541732,9.878293576158065e-07,2.1292597878700553e-06,1.5925065066058432e-07,2.380121019517989e-07,1.452712363329665e-07,9.361767946965128e-07,0.00010290928345900705,0.017823816595222915,2.043762202032761e-06,0.0003539781973761755,0.001566157957944389
1.0,5,153,1.0,0.0011583176126787867,0.0016069692373382738,8.905995676529713e-07,1.9196126666200936e-06,1.4354824911804353e-07,2.1454108739421833e-07,1.4522014767013626e-07,9.361761170621935e-07,0.00010290924864334211,0.01782381056517387,2.0437623426365777e-06,0.000353978221728648,0.0014110689719272632
1.0,5,155,1.0,0.0010443076386520936,0.0014488031700118364,8.028945316525645e-07,1.7306277787527274e-06,1.294343130406965e-07,1.9344910959746896e-07,1.452662049900029e-07,9.361767274797254e-07,0.00010290928003224411,0.017823816001709947,2.0437622158764255e-06,0.0003539781997738874,0.001272869339855412
1.0,5,157,1.0,0.0009414651674154268,0.0013061235552486172,7.238634385883541e-07,1.5602318823824957e-06,1.1667544374287827e-07,1.7437832554943852e-07,1.4522468105442596e-07,9.36176175940937e-07,0.00010290925173452103,0.017823811100563917,2.0437623301527312e-06,0.00035397821956645537,0.0011469592263215935
1.0,5,159,1.0,0.0008487945562331054,0.001177561037252528,6.525815738823803e-07,1.4066263087130285e-06,1.052007887421636e-07,1.5723017052660538e-07,1.452621158226631e-07,9.361766729312195e-07,0.00010290927724684105,0.017823815519280067,2.043762227124822e-06,0.00035397820172210096,0.0010345157252185878
1.0,5,161,1.0,0.0007652098580550182,0.0010615993514846433,5.883434861714135e-07,1.268132360472858e-06,9.483305631425352e-08,1.417337127733692e-07,1.4522836590836103e-07,9.361762253455726e-07,0.00010290925424686594,0.017823811535700312,2.043762320005291e-06,0.00035397821780892657,0.0009322728817465822
1.0,5,163,1.0,0.000689885235177585,0.0009571006652542291,5.304089684760943e-07,1.143283103843644e-06,8.550460759445933e-08,1.27792704032048e-07,1.4525879236280798e-07,9.361766296232242e-07,0.00010290927498283121,0.017823815127155133,2.0437622362702078e-06,0.0003539782033060748,0.0008408032763866937
1.0,5,165,1.0,0.0006219515982052166,0.0008628528599134988,4.781953699486302e-07,1.030718163369873e-06,7.70795168744934e-08,1.1520006046718354e-07,1.4523136102521935e-07,9.361762665233828e-07,0.00010290925628875775,0.01782381188935456,2.043762311760208e-06,0.00035397821638088453,0.0007577646117990101
1.0,5,167,1.0,0.0005607266717841445,0.0007779145995832071,4.3110859286411223e-07,9.292419278139272e-07,6.949618732448683e-08,1.0386691849125331e-07,1.452560912060601e-07,9.36176593369419e-07,0.00010290927314258051,0.017823814808424987,2.043762243701991e-06,0.0003539782045932539,0.0006833685863674406
1.0,5,169,1.0,0.0005055131135250318,0.0007013142033349684,3.886690262317178e-07,8.377515107963612e-07,6.264950291248194e-08,9.363357392246628e-08,1.45233795489546e-07,9.361762972960712e-07,0.00010290925794832646,0.017823812176790712,2.043762305060948e-06,0.0003539782152205779,0.0006159176705919536
1.0,5,171,1.0,0.0004557491042319822,0.0006322756855658973,3.5039868959317254e-07,7.552728604944686e-07,5.6485022817246266e-08,8.442077755434142e-08,1.4525389581747232e-07,9.361765629327833e-07,0.00010290927164682868,0.017823814549361803,2.0437622497425857e-06,0.0003539782056394803,0.0005554162043681951
1.0,5,173,1.0,0.0004108736762989316,0.0005700180007713884,3.1590371063819213e-07,6.809114114405407e-07,5.0920864930334514e-08,7.610442956680467e-08,1.4523577423449701e-07,9.36176323221453e-07,0.0001029092592971607,0.017823812410407865,2.043762299613033e-06,0.00035397821427700317,0.0005006205079998017
1.0,5,175,1.0,0.0003704252849009938,0.0005139031045340303,2.847988545382582e-07,6.138738669015861e-07,4.590986113646831e-08,6.86154354188678e-08,1.452521114864638e-07,9.361765399722244e-07,0.00010290927043108108,0.017823814338795162,2.0437622546524304e-06,0.0003539782064898616,0.0004514234635652065
1.0,5,177,1.0,0.00033395195217631693,0.000463302106501029,2.5676124317191607e-07,5.534341178227778e-07,4.138786278287777e-08,6.185678575818389e-08,1.452373825668473e-07,9.361763452073182e-07,0.00010290926039343235,0.017823812600281357,2.0437622951886435e-06,0.0003539782135107024,0.0004069043176085823
1.0,5,179,1.0,0.0003010753642860303,0.0004176916608716885,2.3148008767752818e-07,4.989466333062825e-07,3.731459922120259e-08,5.5769208444551334e-08,1.452506612339128e-07,9.361765210056176e-07,0.00010290926944291015,0.01782381416764464,2.0437622586442714e-06,0.0003539782071812454,0.000366903057797658
1.0,5,181,1.0,0.0002714309501156004,0.00037656476753777923,2.0869126632715516e-07,4.4982238338146796e-07,3.3639535606453266e-08,5.0276433132380796e-08,1.4523868981641096e-07,9.361763622149643e-07,0.00010290926128447419,0.017823812754609186,2.0437622915885116e-06,0.00035397821288716234,0.0003307307633329906
1.0,5,183,1.0,0.0002447091119318832,0.0003394929035938077,1.8814348152702926e-07,4.055358920011104e-07,3.032858268979131e-08,4.5328121027639594e-08,1.4524948251483434e-07,9.361765053686379e-07,0.00010290926863970759,0.017823814028530515,2.043762261886152e-06,0.00035397820774273655,0.00029820859578747605
1.0,5,185,1.0,0.00022061489686852584,0.00030606606381144985,1.6962081670262254e-07,3.6560849695551484e-07,2.73417540544705e-08,4.086400917294305e-08,1.4523975234474473e-07,9.361763766203111e-07,0.00010290926200867214,0.017823812880039768,2.0437622886646776e-06,0.00035397821238075655,0.00026881618027259054
1.0,5,187,1.0,0.0001988954969918647,0.00027593417267601783,1.5292008546688404e-07,3.2961296581469207e-07,2.465057336650325e-08,3.684194250106669e-08,1.452485244821708e-07,9.361764925210761e-07,0.0001029092679868906,0.017823813915463067,2.0437622645232666e-06,0.0003539782081994828,0.00024237646843989976
1.0,5,189,1.0,0.00017931247986804173,0.00024876591562827954,1.378651004162027e-07,2.9716092560510415e-07,2.2223033952892234e-08,3.321376154904782e-08,1.4524061595688576e-07,9.361763880223682e-07,0.00010290926259728979,0.01782381298198794,2.043762286290076e-06,0.00035397821196947736,0.00021849198971497967
1.0,5,191,1.0,0.0001616591192197733,0.00022427493043519764,1.2429115434252627e-07,2.679043822721716e-07,2.0035522719806598e-08,2.99444343196452e-08,1.4524774581941968e-07,9.361764820239548e-07,0.00010290926745629074,0.017823813823563538,2.04376226666829e-06,0.00035397820857099914,0.00019699782326997533
1.0,5,193,1.0,0.00014574240589830024,0.00020219309182178957,1.1205452760703949e-07,2.4152776549168226e-07,1.8062551077108384e-08,2.699565404169226e-08,1.452413178967419e-07,9.361763972613415e-07,0.0001029092630756844,0.017823813064845557,2.043762284356035e-06,0.0003539782116345029,0.00017758829161599045
1.0,5,195,1.0,0.00013139386342990488,0.00018228695503508252,1.0102186220341919e-07,2.1774831864170008e-07,1.6284511050801184e-08,2.43382912584484e-08,1.4524711293615472e-07,9.361764735203346e-07,0.00010290926702501146,0.017823813748866265,2.0437622684072206e-06,0.00035397820887218064,0.00016011536836897343
1.0,5,197,1.0,0.00011845708894522477,0.00016433930399395447,9.107603905011056e-08,1.9630976028691544e-07,1.4680973897103856e-08,2.194166957175149e-08,1.452418884288742e-07,9.361764037708958e-07,0.00010290926346454356,0.017823813132195693,2.043762282782397e-06,0.0003539782113619501,0.00014434189055859608
1.0,5,199,1.0,0.00010679475149131562,0.00014815980531723838,8.210896937596842e-08,1.769822493983067e-07,1.3235749619636535e-08,1.9781709819082383e-08,1.4524659854400175e-07,9.361764671643112e-07,0.0001029092666744684,0.01782381368815245,2.0437622698242597e-06,0.00035397820911761067,0.00013013836358950724
1.0,5,201,1.0,9.628005725249007e-05,0.00013357240260769565,7.4025177795395e-08,1.5955750072918495e-07,1.1932474809454595e-08,1.7833861468504906e-08,1.4524235214789124e-07,9.361764100329977e-07,0.00010290926378057011,0.01782381318693127,2.0437622815123475e-06,0.0003539782111419785,0.00011731955755359873
1.0,5,203,1.0,8.680112227596986e-05,0.00012042199868234071,6.673692741132677e-08,1.4384845117496048e-07,1.0757825538667279e-08,1.6078284030470466e-08,1.4524618045841854e-07,9.361764613878664e-07,0.00010290926638957034,0.017823813638808302,2.0437622709698336e-06,0.0003539782093160232,0.00010577397978548875
1.0,5,205,1.0,7.825500831468878e-05,0.00010856567809180984,6.016650138057487e-08,1.2968589706979783e-07,9.69856562188445e-09,1.4495135134583647e-08,1.4524272905379736e-07,9.361764162603176e-07,0.00010290926403745919,0.01782381323142428,2.0437622804744793e-06,0.00035397821096222053,9.535597691308586e-05
1.0,5,207,1.0,7.05505961842135e-05,9.787711524245069e-05,5.4242766448475924e-08,1.1691780463923829e-07,8.74377379874915e-09,1.3068147246514221e-08,1.452458406462981e-07,9.361764573315777e-07,0.00010290926615799857,0.017823813598700233,2.043762271907627e-06,0.00035397820947844833,8.597112291284893e-05
1.0,5,209,1.0,6.360449202857154e-05,8.824055105005613e-05,4.890241566782867e-08,1.0540671812383356e-07,7.882851388088484e-09,1.1781434385932594e-08,1.4524303539792797e-07,9.361764204052028e-07,0.00010290926424621943,0.01782381326758141,2.043762279627579e-06,0.000353978210815538,7.750420858194037e-05
1.0,5,211,1.0,5.734245603049799e-05,7.955303688267357e-05,4.4087690089626506e-08,9.502900677645088e-08,7.106817442226168e-09,1.0621607438450172e-08,1.452455644531315e-07,9.361764521751892e-07,0.00010290926596977097,0.017823813566099345,2.0437622726696466e-06,0.0003539782096104295,6.987577953107602e-05
1.0,5,213,1.0,5.16967665585377e-05,7.172057942561594e-05,3.974712957630857e-08,8.56729935275885e-08,6.407070697900486e-09,9.575788025717328e-09,1.4524328439032485e-07,9.361764239403605e-07,0.00010290926441591893,0.017823813296973245,2.0437622789439174e-06,0.0003539782106971284,6.29944465447505e-05
1.0,5,215,1.0,4.660706816093156e-05,6.465948644918118e-05,3.5833815432890176e-08,7.723814245564481e-08,5.776278118755357e-09,8.633031376359054e-09,1.452453399685495e-07,9.36176451565251e-07,0.00010290926581679048,0.017823813539603228,2.043762273289186e-06,0.00035397820971773327,5.679373494558517e-05
1.0,5,217,1.0,4.2018304510685456e-05,5.8293341307913416e-05,3.230581336035531e-08,6.963361353588132e-08,5.20754283791782e-09,7.783012166364843e-09,1.4524348677044898e-07,9.361764265359032e-07,0.00010290926455384111,0.017823813320861272,2.043762278386747e-06,0.0003539782106006269,5.120090862451318e-05
1.0,5,219,1.0,3.788141347526253e-05,5.255410474358513e-05,2.912509514110469e-08,6.277780172526254e-08,4.694875325975542e-09,7.016801321322328e-09,1.4524515750869407e-07,9.361764487374779e-07,0.00010290926569245835,0.017823813518068988,2.043762273786185e-06,0.00035397820980381307,4.61609108491115e-05
1.0,5,221,1.0,3.4151775050862145e-05,4.737985336689121e-05,2.625760044022891e-08,5.6596979035664075e-08,4.232630825383584e-09,6.3259461465783526e-09,1.4524365126201644e-07,9.361764282845585e-07,0.0001029092646659579,0.017823813340279823,2.043762277931888e-06,0.00035397821052184563,4.1615363812221553e-05
1.0,5,223,1.0,3.0789396590214356e-05,4.27151183423069e-05,2.3672402662182424e-08,5.1024748230418804e-08,3.815927944790855e-09,5.7031578844278855e-09,1.4524500921032475e-07,9.36176445828769e-07,0.00010290926559139346,0.01782381350056462,2.043762274197857e-06,0.00035397820987511443,3.751881122766231e-05
1.0,5,225,1.0,2.7758039692132696e-05,3.850961891782578e-05,2.13417752038669e-08,4.600115823070322e-08,3.4402271103721113e-09,5.14164664086581e-09,1.452437849563692e-07,9.361764301498925e-07,0.00010290926475706878,0.017823813356060165,2.0437622775626955e-06,0.00035397821045790183,3.382444864822935e-05
1.0,5,227,1.0,2.5025177896289654e-05,3.471823472311897e-05,1.9240585779111562e-08,4.147216892905897e-08,3.10152434868662e-09,4.6354350199050934e-09,1.4524488867703978e-07,9.36176444103379e-07,0.0001029092655092498,0.017823813486337395,2.043762274525462e-06,0.0003539782099318553,3.049468496027579e-05
1.0,5,229,1.0,2.2561317494000484e-05,3.130004150009302e-05,1.7346248215893268e-08,3.7389001381060716e-08,2.796163631401205e-09,4.179051999960749e-09,1.452438936227697e-07,9.361764321932619e-07,0.00010290926483112064,0.017823813368885895,2.0437622772658016e-06,0.00035397821040647996,2.7491949447694515e-05
1.0,5,231,1.0,2.034002874628336e-05,2.8218376380118038e-05,1.5638410400744885e-08,3.370786580674662e-08,2.520854255871734e-09,3.767585193126385e-09,1.452447907078254e-07,9.361764426178448e-07,0.00010290926544247602,0.017823813474772222,2.0437622747975874e-06,0.0003539782099789872,2.478544338871709e-05
1.0,5,233,1.0,1.833740410417021e-05,2.5440070229088008e-05,1.409874165565419e-08,3.038916919408802e-08,2.272631787248048e-09,3.3965958078096842e-09,1.4524398194478834e-07,9.361764322440004e-07,0.00010290926489132345,0.017823813379312978,2.043762277027343e-06,0.0003539782103651792,2.2344899169634398e-05
1.0,5,235,1.0,1.6531970207613537e-05,2.2935333690021764e-05,1.2710616717962666e-08,2.7397136352115548e-08,2.0488973161651488e-09,3.062207914105927e-09,1.4524471107957344e-07,9.361764417713715e-07,0.00010290926538821928,0.017823813465374993,2.043762275015849e-06,0.00035397821001678995,2.0145120386661968e-05
1.0,5,237,1.0,1.490430607434436e-05,2.0677222967502296e-05,1.1459204026259456e-08,2.46997517022729e-08,1.8471682277875565e-09,2.7607119804453923e-09,1.452440537316993e-07,9.3617643345121e-07,0.00010290926494024775,0.017823813387786634,2.0437622768278224e-06,0.00035397821033062235,1.8161617090632653e-05
1.0,5,239,1.0,1.343692240410369e-05,1.864147620400658e-05,1.0330974244768085e-08,2.22679488052005e-08,1.6652958145017133e-09,2.488894449695009e-09,1.452446463602058e-07,9.361764415274788e-07,0.00010290926534411566,0.017823813457736277,2.0437622751934207e-06,0.00035397821004754524,1.6373544922947217e-05
1.0,5,241,1.0,1.2113930945026751e-05,1.6806044519479535e-05,9.313777121719867e-09,2.0075442405675936e-08,1.5013468104513497e-09,2.24386395523816e-09,1.4524411208119315e-07,9.361764345155861e-07,0.00010290926498000934,0.017823813394673316,2.0437622766649227e-06,0.0003539782103024082,1.4761303697386327e-05
1.0,5,243,1.0,1.0921191662614039e-05,1.5151320879591701e-05,8.396759207983234e-09,1.809884949289381e-08,1.3535461204054097e-09,2.022967398278416e-09,1.452445937555893e-07,9.36176440524175e-07,0.00010290926530827349,0.017823813451528437,2.0437622753406642e-06,0.0003539782100730477,1.330808436901483e-05
1.0,5,245,1.0,9.84595419315601e-06,1.3659609253480198e-05,7.570073883790004e-09,1.6316919690395615e-08,1.2202566742021833e-09,1.8237547503815229e-09,1.452441595045885e-07,9.361764350197282e-07,0.00010290926501232616,0.017823813400270564,2.043762276537441e-06,0.0003539782102803285,1.1997795216661362e-05
1.0,5,247,1.0,8.876584714481294e-06,1.2314773060295714e-05,6.824753696551317e-09,1.4710415370197683e-08,1.1001069522734336e-09,1.6441825040130684e-09,1.4524455100088982e-07,9.361764405137705e-07,0.00010290926527911865,0.017823813446478837,2.043762275456399e-06,0.0003539782100930929,1.0816573980695324e-05
1.0,5,249,1.0,8.002613695601362e-06,1.110228539447089e-05,6.152803942386879e-09,1.3262078889068885e-08,9.917893037810181e-10,1.482296365133088e-09,1.4524419805010446e-07,9.361764349853914e-07,0.0001029092650385814,0.017823813404817954,2.0437622764324156e-06,0.0003539782102621382,9.751528246886658e-06
1.0,5,251,1.0,7.214675781087852e-06,1.0009153336376642e-05,5.546998726894118e-09,1.195632557370041e-08,8.941437138839551e-10,1.3363589214984272e-09,1.452445162500406e-07,9.361764397002625e-07,0.00010290926525543204,0.017823813442376334,2.0437622755544757e-06,0.0003539782101100797,8.7914102912601e-06
1.0,5,253,1.0,6.504309320723804e-06,9.02363772181669e-06,5.0008387655999715e-09,1.0779105684421975e-08,8.060943349849714e-10,1.204761457778e-09,1.4524422937976853e-07,9.361764344302581e-07,0.00010290926505995268,0.017823813408519445,2.0437622763428076e-06,0.00035397821024661815,7.925716528613618e-06
1.0,5,255,1.0,5.8638585183033974e-06,8.135120448171662e-06,4.508420243696324e-09,9.71774449277929e-09,7.267388489242521e-10,1.086155845765515e-09,1.4524448800362466e-07,9.361764398440819e-07,0.00010290926523619764,0.01782381343904495,2.0437622756281464e-06,0.0003539782101228394,7.145326696591177e-06
1.0,5,257,1.0,5.286472808421052e-06,7.3340929985787895e-06,4.064489104502598e-09,8.760861839804401e-09,6.551851900813342e-10,9.792138303010324e-10,1.4524425484589344e-07,9.36176436477329e-07,0.00010290926507729686,0.017823813411523445,2.0437622762723674e-06,0.00035397821023441795,6.441750049569776e-06
1.0,5,259,1.0,4.765946758385359e-06,6.611949251111859e-06,3.664285768691331e-09,7.898215591967128e-09,5.906588617263084e-10,8.827774620784497e-10,1.4524446504551224e-07,9.361764396000263e-07,0.00010290926522054781,0.01782381343633441,2.0437622756962465e-06,0.00035397821013463427,5.8074726695457795e-06
1.0,5,261,1.0,4.296659521840308e-06,5.960894895240543e-06,3.303511814155607e-09,7.120585446794558e-09,5.325244399758458e-10,7.958933190505089e-10,1.4524427554173254e-07,9.361764362532604e-07,0.00010290926509139717,0.01782381341396561,2.0437622762136634e-06,0.00035397821022425046,5.235719158503137e-06
1.0,5,263,1.0,3.873665691848749e-06,5.374060575213946e-06,2.97830274303526e-09,6.419600046859986e-09,4.801092870854728e-10,7.175556564133646e-10,1.4524444638953698e-07,9.361764394017126e-07,0.00010290926520783104,0.017823813434131874,2.0437622757485458e-06,0.00035397821014369245,4.720356248745934e-06
1.0,5,265,1.0,3.4923598411828263e-06,4.845061862601696e-06,2.6851084517261187e-09,5.78763408379257e-09,4.328248034772061e-10,6.468867535006865e-10,1.4524429236033607e-07,9.361764359879519e-07,0.00010290926510287192,0.017823813415953026,2.0437622761718932e-06,0.00035397821021701596,4.255609340282243e-06
1.0,5,267,1.0,3.148514810885142e-06,4.3680360206632685e-06,2.4207288911722936e-09,5.217813351526823e-09,3.902258172311683e-10,5.832186712197672e-10,1.4524443122463814e-07,9.361764379082304e-07,0.00010290926519750786,0.017823813432343908,2.0437622757907936e-06,0.00035397821015100973,3.836585058865354e-06
1.0,5,269,1.0,2.8385068512758308e-06,3.937948428900384e-06,2.1823919546517463e-09,4.704050171958074e-09,3.518182815672991e-10,5.258162016962085e-10,1.4524430603308902e-07,9.361764374655708e-07,0.0001029092651121794,0.017823813417565077,2.043762276128944e-06,0.0003539782102095772,3.4589298584340105e-06
1.0,5,271,1.0,2.5590883922383996e-06,3.550304760402412e-06,1.9675576353850117e-09,4.2409647104876824e-09,3.171483355563178e-10,4.740017839767029e-10,1.4524441889980716e-07,9.361764386653943e-07,0.00010290926518910527,0.017823813430888583,2.043762275823335e-06,0.00035397821015664585,3.1183710977076077e-06
1.0,5,273,1.0,2.3071185224567536e-06,3.200741654496575e-06,1.7738094489820274e-09,3.823386710531673e-09,2.859380184493818e-10,4.273535872509511e-10,1.4524431714592492e-07,9.361764375837033e-07,0.00010290926511976344,0.017823813418878627,2.0437622761028965e-06,0.0003539782102050657,2.811307499917705e-06
1.0,5,275,1.0,2.0799418817263383e-06,2.8855687221884807e-06,1.599150952660382e-09,3.4468752505012468e-09,2.577908867280854e-10,3.852848792231748e-10,1.452444088799678e-07,9.361764385588796e-07,0.00010290926518228051,0.017823813429706542,2.0437622758476846e-06,0.00035397821016086323,2.5345619675218507e-06
1.0,5,277,1.0,1.875184320831023e-06,2.6015034191306796e-06,1.4417321607396188e-09,3.107568877572242e-09,2.3238970972340697e-10,3.4732181307438673e-10,1.4524432617686246e-07,9.361764385678811e-07,0.00010290926512591142,0.017823813419943452,2.043762276079596e-06,0.0003539782102010301,2.2850018831413794e-06
1.0,5,279,1.0,1.6905584421716675e-06,2.34536513088468e-06,1.299775865356022e-09,2.8016145462578246e-09,2.095255597823291e-10,3.131477499453573e-10,1.4524440073770005e-07,9.36176438028233e-07,0.00010290926517672601,0.017823813428744506,2.043762275870763e-06,0.00035397821016486036,2.060027797191919e-06
1.0,5,281,1.0,1.5241113442937167e-06,2.114446762568889e-06,1.1717969724250232e-09,2.5257801492678533e-09,1.8889374303355686e-10,2.823110487786343e-10,1.4524433351804804e-07,9.361764377577455e-07,0.0001029092651309045,0.01782381342080825,2.0437622760590125e-06,0.0003539782101974651,1.8571665947092405e-06
1.0,5,283,1.0,1.374023451701236e-06,1.9062266340963419e-06,1.056421376671756e-09,2.2771044416378117e-09,1.7026946379896277e-10,2.544779133511338e-10,1.4524439411945594e-07,9.361764384019729e-07,0.00010290926517221471,0.017823813427963152,2.0437622758904746e-06,0.0003539782101682744,1.6742432107757674e-06
1.0,5,285,1.0,1.238689857542722e-06,1.7184746692322506e-06,9.523907859666781e-10,2.0528490496038443e-09,1.5352142053645785e-10,2.2944631508344318e-10,1.4524433948570872e-07,9.361764373771092e-07,0.0001029092651349907,0.01782381342151598,2.0437622760365907e-06,0.00035397821019358163,1.5094062294322095e-06
1.0,5,287,1.0,1.1167479016805586e-06,1.5492997668120623e-06,8.586124237156249e-10,1.8507348908611276e-09,1.3841415846733843e-10,2.0686842966714455e-10,1.452443887398956e-07,9.36176437900699e-07,0.00010290926516854882,0.017823813427328222,2.0437622759020933e-06,0.0003539782101702868,1.3607904847864855e-06
1.0,5,289,1.0,1.0067891942655673e-06,1.3967495472444469e-06,7.740686800108516e-10,1.6685045055656045e-09,1.2477571319324713e-10,1.8648834118118775e-10,1.4524434433541123e-07,9.361764369845645e-07,0.00010290926513829051,0.017823813422087505,2.043762276029082e-06,0.00035397821019228113,1.2267888651228672e-06
1.0,5,291,1.0,9.076456647365332e-07,1.2592045357529003e-06,6.978516575498562e-10,1.5041626642148254e-09,1.1248409873556891e-10,1.681173240441862e-10,1.452443843669452e-07,9.36176437410123e-07,0.00010290926516556094,0.017823813426810723,2.043762275914657e-06,0.0003539782101724628,1.106028753362203e-06
1.0,5,293,1.0,8.182925286784528e-07,1.1352444597712008e-06,6.291624092174241e-10,1.3560766867065643e-09,1.0141820587868251e-10,1.5157856323192928e-10,1.4524434827653425e-07,9.361764379146368e-07,0.00010290926514097009,0.017823813422551606,2.043762276012502e-06,0.00035397821018940946,9.972150014307879e-07
1.0,5,295,1.0,7.377813902621472e-07,1.023549623724307e-06,5.672434624679543e-10,1.2226558125313924e-09,9.145089070138313e-11,1.3667909279412374e-10,1.452443808156113e-07,9.36176437816454e-07,0.00010290926516313632,0.01782381342639078,2.043762275924947e-06,0.00035397821017424505,8.99068386059321e-07
1.0,5,297,1.0,6.65172289679293e-07,9.228150362750043e-07,5.114412071733468e-10,1.1023503733095796e-09,8.241584616367516e-11,1.2317481572470673e-10,1.452443514782731e-07,9.361764375045873e-07,0.00010290926514314302,0.017823813422927957,2.0437622760038055e-06,0.0003539782101879033,8.105841253552025e-07
1.0,5,299,1.0,5.997023266556516e-07,8.31988896332625e-07,4.611211103341762e-10,9.938811483881094e-10,7.428491727744832e-11,1.1102230636564347e-10,1.4524437792871288e-07,9.361764382298567e-07,0.0001029092651611876,0.017823813426053263,2.043762275935428e-06,0.00035397821017606033,7.307837551564057e-07
1.0,5,301,1.0,5.40675386187076e-07,7.500967297291439e-07,4.1571983227489036e-10,8.960527294113452e-10,6.698821514119244e-11,1.001155766633139e-10,1.452443540817392e-07,9.361764370881763e-07,0.00010290926514491954,0.017823813423235645,2.043762276001714e-06,0.000353978210187541,6.58817448172503e-07
1.0,5,303,1.0,4.874395948091514e-07,6.762396891346611e-07,3.748254798982979e-10,8.078890880933165e-10,6.042227847650722e-11,9.030549216943774e-11,1.4524437558214998e-07,9.361764373167202e-07,0.00010290926515958143,0.017823813425775076,2.043762275939948e-06,0.00035397821017684323,5.941045819932652e-07
1.0,5,305,1.0,4.3955609206900556e-07,6.098110209018515e-07,3.379645600528154e-10,7.284721567288321e-10,5.448322283345475e-11,8.142945765918751e-11,1.4524435619570487e-07,9.361764384429009e-07,0.00010290926514635757,0.017823813423484713,2.043762275990789e-06,0.00035397821018564885,5.35637382067133e-07
1.0,5,307,1.0,3.962968932853423e-07,5.497954104205505e-07,3.046914060334242e-10,6.567860378822732e-10,4.91064223932251e-11,7.339051493805183e-11,1.4524437367462792e-07,9.361764372964522e-07,0.00010290926515828395,0.017823813425550353,2.043762275946826e-06,0.00035397821017803445,4.828215210457391e-07
1.0,5,309,1.0,3.5723634413092447e-07,4.95602827776942e-07,2.7468390842091787e-10,5.920932051942107e-10,4.426890485314891e-11,6.615962809606961e-11,1.452443579171681e-07,9.361764366848533e-07,0.0001029092651475406,0.017823813423689612,2.043762275985994e-06,0.0003539782101848183,4.3527596734973376e-07
1.0,5,311,1.0,3.220630713137213e-07,4.4680644784023116e-07,2.4763006602518866e-10,5.337743771288705e-10,3.990115469287658e-11,5.963345952025162e-11,1.452443721226495e-07,9.361764381681326e-07,0.00010290926515721422,0.017823813425365077,2.0437622759490075e-06,0.0003539782101784123,3.923795762832546e-07
1.0,5,313,1.0,2.903191161751495e-07,4.0276866797306354e-07,2.2322223433361894e-10,4.811479470054336e-10,3.596326260149884e-11,5.3751501540759763e-11,1.452443593175742e-07,9.361764380320108e-07,0.0001029092651484991,0.017823813423855625,2.043762275982568e-06,0.00035397821018422486,3.5374998312916156e-07
1.0,5,315,1.0,2.6171919956189084e-07,3.6309210049711993e-07,2.0123064318921816e-10,4.3370540405568425e-10,3.2420655026757005e-11,4.845888219775357e-11,1.4524437086026624e-07,9.361764377106215e-07,0.00010290926515636613,0.017823813425218188,2.043762275952979e-06,0.0003539782101791001,3.189534530411307e-07
1.0,5,317,1.0,2.3596048030947524e-07,3.273590155616901e-07,1.8142844206678827e-10,3.910353854955084e-10,2.924188965432239e-11,4.3704856872222794e-11,1.452443604533593e-07,9.361764375999877e-07,0.00010290926514926173,0.01782381342398771,2.0437622759791644e-06,0.00035397821018363543,2.8756058142293494e-07
1.0,5,319,1.0,2.12751582223332e-07,2.951572463105734e-07,1.6357278446359458e-10,3.525726793851547e-10,2.6373383992663096e-11,3.9414950307476576e-11,1.4524436983659336e-07,9.361764385879104e-07,0.00010290926515566185,0.017823813425096206,2.0437622759583554e-06,0.0003539782101800313,2.592486988850343e-07
1.0,5,321,1.0,1.9180965681081156e-07,2.661006487381101e-07,1.4748991397552997e-10,3.1790050366437006e-10,2.377876888684923e-11,3.553726353445162e-11,1.4524436137654046e-07,9.361764393861706e-07,0.00010290926514990778,0.017823813424099607,2.043762275980551e-06,0.00035397821018387564,2.3376840630972154e-07
1.0,5,323,1.0,1.729576709969065e-07,2.399483335357999e-07,1.329961940917994e-10,2.866721998673327e-10,2.1437901219788683e-11,3.203779551223286e-11,1.4524436900539736e-07,9.36176439023178e-07,0.0001029092651550982,0.017823813424998582,2.043762275956649e-06,0.0003539782101797358,2.1079407811258767e-07
1.0,5,325,1.0,1.5595894686061455e-07,2.163672147004192e-07,1.1991718580121485e-10,2.5847322459443545e-10,1.9325273820124314e-11,2.8882891575394282e-11,1.452443621263818e-07,9.361764371736979e-07,0.00010290926515041624,0.017823813424187672,2.0437622759770447e-06,0.0003539782101832683,1.9005491760616315e-07
1.0,5,327,1.0,1.4061240257647537e-07,1.9507696336074076e-07,1.0812519883396298e-10,2.3303190193474377e-10,1.7430265626341686e-11,2.605310639534203e-11,1.452443683281686e-07,9.361764372396155e-07,0.00010290926515464532,0.017823813424920145,2.043762275958482e-06,0.00035397821018005323,1.714098528183625e-07
1.0,5,329,1.0,1.268108125795798e-07,1.7592902790131149e-07,9.750350088066017e-11,2.101318806457808e-10,1.57137166876305e-11,2.348562999892473e-11,1.4524436273603967e-07,9.361764385124351e-07,0.00010290926515081348,0.017823813424256475,2.043762275975002e-06,0.00035397821018291455,1.545817311328039e-07
1.0,5,331,1.0,1.1435226657649809e-07,1.5864587243896722e-07,8.793584982498173e-11,1.895071356783351e-10,1.4177690673861916e-11,2.1188559939802967e-11,1.4524436777964704e-07,9.361764376778781e-07,0.00010290926515425385,0.01782381342485234,2.0437622759649737e-06,0.0003539782101811776,1.3944079495938054e-07
1.0,5,333,1.0,1.0315095439990567e-07,1.4310616935908627e-07,7.932073416434453e-11,1.7095371038916563e-10,1.2812111369315893e-11,1.914489031716593e-11,1.4524436322988987e-07,9.361764376295068e-07,0.00010290926515115154,0.017823813424315025,2.04376227597322e-06,0.0003539782101826059,1.2581975737939362e-07
1.0,5,335,1.0,9.307607057309723e-08,1.2912807711984442e-07,7.157228547873697e-11,1.5421919297153863e-10,1.156952956885057e-11,1.7290277689414532e-11,1.4524436733438916e-07,9.361764372290436e-07,0.00010290926515396816,0.01782381342480286,2.043762275963484e-06,0.0003539782101809196,1.135800481426813e-07
1.0,5,337,1.0,8.401784022695416e-08,1.1656178677821316e-07,6.459324994735708e-11,1.3917172362459818e-10,1.04196154303087e-11,1.5573925016363482e-11,1.4524436363092167e-07,9.361764385219543e-07,0.00010290926515143259,0.0178238134243637,2.0437622759759525e-06,0.0003539782101830792,1.0244925655600038e-07
1.0,5,339,1.0,7.57853242097009e-08,1.051408832219991e-07,5.826414522967852e-11,1.2559076955492854e-10,9.377555678355317e-12,1.4014933229786544e-11,1.4524436697255063e-07,9.361764367811252e-07,0.00010290926515371616,0.017823813424759215,2.04376227596231e-06,0.0003539782101807163,9.231202178128928e-08
1.0,5,341,1.0,6.829147798644175e-08,9.474586926128126e-08,5.253262228625565e-11,1.1325317853666528e-10,8.462629115355483e-12,1.264769807439968e-11,1.452443639588339e-07,9.361764376372682e-07,0.00010290926515165801,0.017823813424402743,2.043762275972251e-06,0.00035397821018243804,8.324112364724325e-08
1.0,5,343,1.0,6.158676149524964e-08,8.544394458631643e-08,4.737457531546378e-11,1.021450207402963e-10,7.628945395136578e-12,1.1401248651773943e-11,1.4524436667652458e-07,9.361764372220647e-07,0.00010290926515351803,0.0178238134247249,2.0437622759650054e-06,0.00035397821018118313,7.502009905512899e-08
1.0,5,345,1.0,5.551968511138004e-08,7.702379789531477e-08,4.269660494715561e-11,9.206732945465923e-11,6.858084696873039e-12,1.0250204846148567e-11,1.452443642267012e-07,9.361764367519314e-07,0.00010290926515182915,0.017823813424432386,2.0437622759745036e-06,0.0003539782101828282,6.755457455303304e-08
1.0,5,347,1.0,4.999284090696195e-08,6.935790874962322e-08,3.843660576192735e-11,8.286891485520531e-11,6.192311872540695e-12,9.256502546883469e-12,1.452443664326041e-07,9.361764367753713e-07,0.00010290926515334852,0.01782381342469554,2.0437622759650097e-06,0.00035397821018118384,6.088232296666365e-08
1.0,5,349,1.0,4.503963054763908e-08,6.248791439844581e-08,3.4629085242689114e-11,7.463917418154553e-11,5.599340343742701e-12,8.369606629933177e-12,1.4524436444597145e-07,9.361764380865281e-07,0.0001029092651519953,0.017823813424461165,2.043762275971604e-06,0.00035397821018232593,5.493797362027344e-08
1.0,5,351,1.0,4.0634099946373064e-08,5.6374561463456985e-08,3.122521174689766e-11,6.732105237855501e-11,5.0413701671788535e-12,7.53552255317036e-12,1.4524436623742718e-07,9.361764381055718e-07,0.00010290926515320896,0.01782381342467137,2.043762275965684e-06,0.0003539782101813006,4.949946439711212e-08
1.0,5,353,1.0,3.661380256762783e-08,5.079571552268902e-08,2.8133956879385467e-11,6.066901755280574e-11,4.531451322837396e-12,6.772360639948835e-12,1.4524436462258885e-07,9.361764367561335e-07,0.00010290926515210913,0.01782381342448088,2.0437622759686934e-06,0.00035397821018182184,4.4547583160913786e-08
1.0,5,355,1.0,3.29555081966308e-08,4.5721670671738934e-08,2.5353520387782327e-11,5.46638836626534e-11,4.086553288060444e-12,6.107955721063041e-12,1.4524436607748743e-07,9.361764376597711e-07,0.00010290926515309653,0.017823813424651894,2.0437622759683453e-06,0.0003539782101817616,4.017342655063889e-08
1.0,5,357,1.0,2.9717940860456655e-08,4.123128882760341e-08,2.2848877403498805e-11,4.9264718172958855e-11,3.674290400463006e-12,5.4898984934870915e-12,1.4524436476657972e-07,9.361764376458366e-07,0.00010290926515219553,0.017823813424495842,2.0437622759706276e-06,0.00035397821018215685,3.6192889795343304e-08
1.0,5,359,1.0,2.6773795540994053e-08,3.7144389231080766e-08,2.0573463866839705e-11,4.435996014962029e-11,3.303834436861764e-12,4.935748424556019e-12,1.4524436594720013e-07,9.361764381024797e-07,0.00010290926515301136,0.017823813424637146,2.0437622759655675e-06,0.00035397821018128044,3.25435276264906e-08
1.0,5,361,1.0,2.4085331907291993e-08,3.341537035961295e-08,1.8509288097975174e-11,3.991823451648946e-11,2.986931107983028e-12,4.46395714446754e-12,1.4524436488456887e-07,9.36176437647098e-07,0.00010290926515227984,0.017823813424510445,2.043762275972138e-06,0.0003539782101824184,2.9295215750754866e-08
1.0,5,363,1.0,2.16843207583305e-08,3.008311200147773e-08,1.665903290656251e-11,3.591424727056314e-11,2.6798196812792755e-12,4.003215944500815e-12,1.4524436584074293e-07,9.361764376572656e-07,0.00010290926515292872,0.01782381342462283,2.043762275964061e-06,0.0003539782101810195,2.6375123014314313e-08
1.0,5,365,1.0,1.9518443092107655e-08,2.7077267317210385e-08,1.5039766505031124e-11,3.238900727481342e-11,2.3990556806411436e-12,3.586300798431169e-12,1.4524436497884795e-07,9.361764380921956e-07,0.00010290926515236126,0.01782381342452455,2.0437622759709974e-06,0.0003539782101822209,2.3792440155234762e-08
1.0,5,367,1.0,1.761253243152258e-08,2.443639313121082e-08,1.3570266568069297e-11,2.9262849088329546e-11,2.172480119561833e-12,3.2493149880810646e-12,1.4524436575714457e-07,9.361764376563834e-07,0.00010290926515287256,0.017823813424613102,2.043762275964681e-06,0.0003539782101811269,2.1451220819769986e-08
1.0,5,369,1.0,1.5884353933750802e-08,2.2037252023210385e-08,1.2197361660454187e-11,2.634585691968505e-11,1.9674202174776266e-12,2.9417250699183967e-12,1.4524436505594624e-07,9.361764372048287e-07,0.00010290926515239303,0.01782381342453005,2.0437622759700627e-06,0.00035397821018205906,1.928506486027118e-08
1.0,5,371,1.0,1.4267369755075854e-08,1.9794368366632398e-08,1.0958267641914132e-11,2.36279745768897e-11,1.7500938194358346e-12,2.6159527018523865e-12,1.4524436568529023e-07,9.361764372115249e-07,0.00010290926515284098,0.017823813424607635,2.043762275966019e-06,0.00035397821018135866,1.7349440773797172e-08
1.0,5,373,1.0,1.2819352546814115e-08,1.7786918271589514e-08,9.84824674095922e-12,2.1222043219970566e-11,1.57624336524537e-12,2.356347999750777e-12,1.452443651204432e-07,9.361764380937027e-07,0.00010290926515244799,0.017823813424539568,2.043762275970117e-06,0.00035397821018206844,1.5600289637930496e-08
1.0,5,375,1.0,1.1532442668591609e-08,1.60005858562684e-08,8.838606930117603e-12,1.9060157965822278e-11,1.442118539393743e-12,2.1543185258713488e-12,1.4524436562798832e-07,9.361764376550027e-07,0.00010290926515278688,0.017823813424598264,2.043762275968346e-06,0.0003539782101817617,1.4029106086774395e-08
1.0,5,377,1.0,1.0369286176233068e-08,1.4387296354279044e-08,7.968532228336258e-12,1.714716736656019e-11,1.3008602847888626e-12,1.943601475509066e-12,1.4524436517113538e-07,9.361764376501535e-07,0.00010290926515247687,0.01782381342454457,2.043762275965753e-06,0.0003539782101813126,1.2681847259331895e-08
1.0,5,379,1.0,9.379147518878267e-09,1.3012484645358313e-08,7.226362540207106e-12,1.5527973871998224e-11,1.1665085561828629e-12,1.7470621845906698e-12,1.452443655844008e-07,9.361764372104504e-07,0.00010290926515275873,0.01782381342459339,2.043762275971036e-06,0.00035397821018222754,1.1482995167839669e-08
1.0,5,381,1.0,8.503732050492663e-09,1.1796541299347041e-08,6.537247678129465e-12,1.4079183131843198e-11,1.0852756012951109e-12,1.6239817379314764e-12,1.452443652095627e-07,9.36176436762377e-07,0.00010290926515250461,0.017823813424549376,2.0437622759685198e-06,0.0003539782101817918,1.0435273281523717e-08
1.0,5,383,1.0,7.718776541729911e-09,1.0707281505872857e-08,5.9301892009557896e-12,1.2781573542619551e-11,9.92646398625451e-13,1.4814042191297477e-12,1.4524436554959481e-07,9.361764367659911e-07,0.00010290926515273125,0.01782381342458863,2.0437622759696396e-06,0.0003539782101819857,9.480682524120465e-09
1.0,5,385,1.0,7.008605085350092e-09,9.72202351956497e-09,5.3942663211899795e-12,1.1625450602181786e-11,8.626792275372272e-13,1.2886616144840157e-12,1.4524436524063722e-07,9.361764367626993e-07,0.0001029092651525315,0.01782381342455403,2.0437622759664873e-06,0.00035397821018143976,8.53036996061665e-09
1.0,5,387,1.0,6.315363577038916e-09,8.761205538831973e-09,4.866611249594365e-12,1.0495262645071612e-11,7.684763827073467e-13,1.1503527893707427e-12,1.4524436551983886e-07,9.361764376538525e-07,0.00010290926515272821,0.0178238134245881,2.0437622759683826e-06,0.000353978210181768,7.686207287334904e-09
1.0,5,389,1.0,5.6873303875639385e-09,7.891646669477836e-09,4.377343241558827e-12,9.447462777367743e-12,6.900663663678174e-13,1.0332613128820334e-12,1.4524436526879717e-07,9.361764372071002e-07,0.00010290926515255897,0.01782381342455879,2.043762275970411e-06,0.0003539782101821194,6.903616547509792e-09
1.0,5,391,1.0,5.1079814864596465e-09,7.087068487621195e-09,3.93481889467759e-12,8.509269677769993e-12,6.314661696364941e-13,9.463911859047824e-13,1.452443654950205e-07,9.361764380976816e-07,0.00010290926515270184,0.017823813424583536,2.0437622759661837e-06,0.0003539782101813872,6.192405118351543e-09
1.0,5,393,1.0,4.591666101964485e-09,6.370106886421922e-09,3.5313217077374746e-12,7.651537389796736e-12,5.515622366303239e-13,8.276142358237815e-13,1.452443652916856e-07,9.361764376514238e-07,0.00010290926515256092,0.01782381342455913,2.0437622759708686e-06,0.0003539782101821986,5.5207037462357725e-09
1.0,5,395,1.0,4.0914436960454555e-09,5.676100811591311e-09,3.155148958176024e-12,6.8011794113198576e-12,4.92715859104577e-13,7.379692831214341e-13,1.452443654729902e-07,9.361764376533521e-07,0.00010290926515269936,0.017823813424583106,2.0437622759650978e-06,0.0003539782101811991,4.969506454632695e-09
1.2,6,1,1.2,2.590160013360785,3.556025355236884,0.0019714607431349286,0.0032300151178803853,0.004566280628056803,0.00883542340211844,3.5995221303284876e-07,9.356062599143349e-07,0.00010288312875099409,0.01781928661789882,2.044449903053429e-06,0.00035409726106387743,4.102945868302295
1.2,6,3,1.2,9.255145998616406,13.39734753338003,5.360262482012582,12.87622370779974,0.003986889354211594,0.007594931173735647,0.0003802988450675353,0.000913517280783638,0.00010304391811075173,0.017847135223217486,2.043371581542356e-06,0.00035391053976390125,2167.1027664049802
1.2,6,5,1.2,7586.637298149291,11606.614256640012,4.342121054724071,10.43024180469848,594771160148.9558,9634813832677.06,42193588.40929321,683502154.2644176,0.00018447634896472535,0.005157003655526062,0.0001001270502627,0.005859374237760748,947348954691.5719
1.2,6,7,1.2,128776411905159.86,222283951676740.7,nan,nan,nan,nan,nan,nan,nan,nan,nan,nan,0.0
